app_id,source
699523,control_other
1719130,control_other
1744756,src_week100
1885302,src_today200
1887884,src_week100
1888145,control_other
1930071,src_growth200|src_week100
1968803,src_week100
1985317,src_growth200|src_today200|src_week100
2047522,src_week100
2247474,src_candidate_required
2255775,src_growth200|src_week100
2296756,src_week100
2306756,src_week100
2388722,src_today200|src_week100
2808257,src_week100
2914811,src_week100
3069891,src_today200|src_week100
3083242,src_growth200|src_today200|src_week100
3143330,control_other
3144697,src_growth200|src_today200|src_week100
3172248,control_puzzle
3579245,src_candidate_required
3728811,src_week100
3849521,src_candidate_required|src_week100
3882511,src_candidate_required|src_growth200|src_today200|src_week100
3885312,src_growth200
3905499,control_other
4019000,src_growth200|src_today200|src_week100
4178722,src_today200
4245114,src_candidate_required
4249938,src_candidate_required
4333086,src_growth200|src_today200|src_week100
4516443,src_candidate_required
4523773,src_candidate_required|src_growth200|src_today200|src_week100
4571765,src_candidate_required
4590904,src_candidate_required
4670107,src_candidate_required
4670469,src_candidate_required|src_week100
4672208,src_today200|src_week100
4693053,src_candidate_required
4722206,src_candidate_required
4739676,src_candidate_required
4742046,src_candidate_required|src_today200|src_week100
4836341,src_growth200|src_today200|src_week100
4889857,src_growth200|src_week100
4941028,src_today200
5013079,src_candidate_required
5143181,src_growth200
5170657,src_candidate_required
5170726,control_other
5189403,control_other
5452475,src_candidate_required
5456261,src_candidate_required
5457269,control_puzzle
5507159,src_candidate_required
5592984,src_candidate_required
5625394,src_candidate_required|src_growth200|src_today200|src_week100
5643673,src_candidate_required|src_week100
5648811,src_today200
5671788,src_growth200
5744979,src_candidate_required|src_today200|src_week100
5757681,src_candidate_required
5897962,src_candidate_required
5925974,src_growth200|src_today200|src_week100
5989552,src_today200|src_week100
6000474,src_candidate_required
6002530,src_today200
6004542,src_today200|src_week100
6005780,src_growth200|src_week100
6035793,src_growth200|src_today200|src_week100
6037801,src_today200
6053081,control_other
6084542,src_candidate_required
6110594,control_puzzle
6117747,src_growth200|src_today200|src_week100
6144268,src_growth200|src_week100
6165495,control_other
6214836,src_candidate_required
6224767,src_candidate_required
6241407,src_candidate_required
6243585,src_week100
6284740,src_candidate_required
6352380,src_growth200|src_today200|src_week100
6381463,src_candidate_required
6415141,src_today200
6437957,src_today200|src_week100
6458386,src_candidate_required
6462836,src_today200
6486302,src_candidate_required
6604566,src_candidate_required
6621905,src_candidate_required
6636413,src_growth200|src_today200|src_week100
6641762,src_candidate_required
6684680,src_today200
6701819,src_candidate_required
6711331,src_today200
6716212,src_candidate_required
6730076,src_week100
6739930,src_candidate_required
6742416,control_puzzle
6745237,src_candidate_required|src_growth200|src_today200|src_week100
6773188,control_other
6810744,control_other
6812327,src_candidate_required|src_today200
6815060,src_today200|src_week100
6830710,src_candidate_required
6831156,src_candidate_required|src_today200
6856353,src_candidate_required
6904672,src_today200|src_week100
6916880,src_growth200|src_today200|src_week100
6923594,src_growth200|src_today200|src_week100
6926012,src_growth200|src_today200|src_week100
6986939,src_candidate_required|src_today200
6990632,src_candidate_required|src_week100
6994984,src_candidate_required|src_week100
6999558,src_week100
7016437,src_candidate_required
7026809,src_today200
7096306,src_today200|src_week100
7139277,src_growth200
7139584,src_candidate_required
7140671,src_today200|src_week100
7155515,src_candidate_required
7162962,src_candidate_required
7183892,src_candidate_required
7194733,src_today200
7200715,src_today200
7200720,src_today200
7232341,src_growth200|src_today200|src_week100
7275058,src_today200
7292231,src_candidate_required
7328587,src_candidate_required
7334530,src_fresh_puzzle100|src_today200
7352873,control_other
7363593,src_today200
7384081,src_candidate_required
7399865,src_today200
7403632,src_week100
7409298,src_candidate_required|src_week100
7429555,src_growth200
7430049,control_puzzle
7430200,src_candidate_required
7453906,src_today200
7459018,src_candidate_required
7495803,src_candidate_required
7516281,src_candidate_required
7522400,src_candidate_required
7528840,control_other
7538793,src_candidate_required
7551065,src_candidate_required
7554932,src_candidate_required
7560078,src_growth200|src_today200
7580568,src_candidate_required
7588968,src_growth200|src_today200
7605538,src_candidate_required
7626917,src_candidate_required
7627215,src_candidate_required
7661484,src_candidate_required
7675528,src_candidate_required
7683769,src_candidate_required|src_growth200|src_today200|src_week100
7689113,src_candidate_required
7702952,src_candidate_required
7708871,control_puzzle
7714862,src_today200
7725277,src_candidate_required
7725851,src_candidate_required|src_today200
7741985,src_today200
7749645,src_candidate_required
7773901,src_candidate_required
7776586,src_today200|src_week100
7791760,src_candidate_required
7797078,src_candidate_required
7806599,src_candidate_required
7808869,src_candidate_required
7814363,src_candidate_required
7814606,control_puzzle
7820955,control_puzzle
7825998,control_other
7845757,control_other
7850362,src_growth200|src_week100
7853502,src_candidate_required
7864291,src_candidate_required
7866185,src_candidate_required
7869885,src_week100
7869938,src_candidate_required
7876558,src_candidate_required
7883862,src_candidate_required
7890960,src_candidate_required
7891261,src_candidate_required|src_today200
7894397,control_puzzle
7900213,control_puzzle
7900251,src_candidate_required
7902507,src_today200
7909156,src_growth200|src_today200|src_week100
7912147,src_candidate_required
7916925,src_candidate_required
7920822,control_other
7923311,src_candidate_required
7925151,src_growth200|src_today200|src_week100
7925843,src_candidate_required
7929388,control_puzzle
7943016,src_candidate_required
7943017,src_candidate_required
7952341,src_candidate_required|src_today200
7954000,control_other
7960714,src_candidate_required
7962560,src_candidate_required
7965168,src_candidate_required
7966457,src_candidate_required
7967808,src_growth200|src_today200|src_week100
7969380,src_candidate_required
7979315,src_today200
7981805,control_other
7991934,src_candidate_required
7993916,src_today200|src_week100
8005097,src_candidate_required
8008464,control_puzzle
8011344,src_candidate_required
8020267,src_candidate_required
8023481,src_growth200
8029885,src_candidate_required
8031863,src_candidate_required
8031935,src_candidate_required
8035370,src_candidate_required
8039325,src_candidate_required|src_week100
8046514,src_candidate_required
8049649,src_candidate_required
8054181,src_candidate_required
8054188,src_today200|src_week100
8055266,src_candidate_required|src_growth200|src_today200|src_week100
8055342,control_puzzle
8056133,src_candidate_required
8061543,control_other
8065963,src_candidate_required
8067596,src_today200
8068727,src_today200
8086555,src_candidate_required
8090659,src_growth200
8091249,src_candidate_required
8098757,src_candidate_required
8110149,src_today200
8114033,src_candidate_required
8116857,control_other
8118150,src_candidate_required
8119662,control_puzzle
8120291,src_candidate_required
8122822,src_candidate_required
8127512,src_candidate_required
8130185,control_puzzle
8131075,src_candidate_required
8132541,src_growth200
8133714,src_candidate_required
8134740,src_candidate_required
8135374,src_candidate_required
8136750,control_puzzle
8136752,control_puzzle
8138875,src_candidate_required
8139366,src_candidate_required|src_growth200|src_today200|src_week100
8140587,src_candidate_required
8140601,control_puzzle
8143757,src_candidate_required
8146064,src_candidate_required
8146065,src_candidate_required
8148705,src_candidate_required
8152342,src_candidate_required
8154680,control_puzzle
8156408,src_growth200
8161279,src_candidate_required
8167287,control_puzzle
8167395,control_puzzle
8168407,control_other
8168881,src_candidate_required
8174614,src_candidate_required
8178767,src_today200
8178866,src_candidate_required
8180503,src_candidate_required
8180902,src_candidate_required|src_today200
8183676,src_candidate_required
8185383,src_candidate_required
8192045,src_candidate_required
8192572,src_candidate_required
8192587,src_today200
8195557,src_candidate_required
8196494,src_candidate_required
8198791,control_other
8200288,control_other
8205529,src_candidate_required
8205706,src_candidate_required
8207300,src_candidate_required|src_today200
8207380,src_candidate_required
8208075,control_other
8208360,control_puzzle
8208647,src_candidate_required
8209667,src_candidate_required
8210759,control_puzzle
8211361,src_candidate_required|src_growth200|src_week100
8211367,src_candidate_required|src_growth200
8211681,src_candidate_required
8212672,src_candidate_required
8215335,control_puzzle
8215960,src_candidate_required|src_today200
8216701,src_candidate_required
8217691,src_candidate_required
8218814,src_candidate_required
8219742,control_puzzle
8219783,src_candidate_required
8220335,src_candidate_required
8220556,src_candidate_required
8221441,src_candidate_required
8222423,src_candidate_required
8222424,src_growth200
8222429,src_growth200
8222431,src_candidate_required
8222433,src_candidate_required
8227650,src_candidate_required
8228407,src_candidate_required
8229135,src_candidate_required
18343194,src_growth200
18487570,src_growth200
19163417,src_candidate_required
51394394,src_candidate_required
51397295,src_candidate_required
51397340,src_candidate_required
51399364,src_growth200
51411960,src_candidate_required
51414631,control_puzzle
51415023,src_candidate_required
51417437,src_growth200|src_week100
51418006,src_growth200
51418008,src_growth200
51418014,src_candidate_required
51418015,control_other
51418021,src_candidate_required
51418036,src_candidate_required
51418333,src_today200
51418493,control_puzzle
51420108,src_candidate_required
51420554,src_candidate_required
51421668,src_candidate_required
51427204,src_candidate_required
51433539,src_candidate_required
51435642,control_puzzle
51437963,control_other
51440258,src_candidate_required
51442884,src_growth200|src_today200|src_week100
51443821,control_puzzle
51449726,src_candidate_required
51450244,control_other
51450245,src_growth200
51450265,src_candidate_required
51450266,src_candidate_required
51450267,src_candidate_required
51450268,src_candidate_required
51450276,src_growth200
51450966,src_candidate_required
51451060,control_other
51453768,src_candidate_required
51453905,src_candidate_required
51453978,src_candidate_required
51455776,src_candidate_required
51459766,src_growth200
51466499,src_candidate_required
51468424,src_candidate_required
51470385,src_candidate_required
51470914,src_candidate_required
51471577,control_puzzle
51471581,control_puzzle
51471584,src_week100
51473464,src_candidate_required
51475309,src_candidate_required
51477963,src_candidate_required
51480216,src_growth200
51485348,src_candidate_required
51486561,src_today200
51487474,src_candidate_required|src_today200|src_week100
51488918,src_candidate_required
51489675,src_candidate_required
51492084,src_today200
51492505,control_puzzle
51492686,src_candidate_required
51493041,src_candidate_required
51493047,src_candidate_required
51493080,src_growth200
51493082,src_growth200
51493083,control_other
51493084,src_candidate_required
51495317,src_candidate_required
51495445,src_candidate_required
51495570,src_candidate_required
51495581,src_candidate_required
51495585,src_candidate_required
51495586,control_other
51496813,src_candidate_required
51499101,src_candidate_required
51499386,src_candidate_required
51505551,src_candidate_required
51509066,src_candidate_required
51517117,src_candidate_required
51522674,src_candidate_required|src_growth200
51522679,src_growth200
51523379,src_candidate_required
51524227,src_candidate_required
51524312,control_other
51524476,src_candidate_required
51527512,src_candidate_required
51528039,src_candidate_required
51528946,src_candidate_required
51530048,src_candidate_required
51530810,src_candidate_required
51531575,src_candidate_required
51533334,src_candidate_required
51536054,src_candidate_required
51539269,src_today200
51540681,src_growth200|src_today200|src_week100
51541268,src_candidate_required
51541460,src_candidate_required
51541524,src_candidate_required
51542935,src_growth200
51543281,src_candidate_required
51543283,src_candidate_required
51543286,src_candidate_required
51543289,src_candidate_required
51543315,src_candidate_required
51543319,control_puzzle
51547704,src_candidate_required
51547981,src_candidate_required
51548724,src_candidate_required
51549677,src_candidate_required
51551427,control_puzzle
51554155,src_growth200
51554330,src_candidate_required
51554338,src_candidate_required
51554341,src_candidate_required
51554350,src_growth200
51554432,src_candidate_required
51556993,src_candidate_required
51558273,src_candidate_required
51559466,src_candidate_required
51559478,src_candidate_required
51559482,src_candidate_required
51559485,control_other
51559734,src_candidate_required
51562952,src_today200
51563094,control_puzzle
51567810,src_candidate_required
51568330,src_candidate_required
51568337,control_other
51568340,src_candidate_required
51568352,src_candidate_required
51568364,src_candidate_required
51568369,control_other
51568377,control_other
51569769,src_candidate_required
51573679,control_puzzle
51573696,control_other
51575745,control_puzzle
51580356,src_candidate_required
51580468,src_candidate_required
51583968,src_growth200|src_today200|src_week100
51588234,src_candidate_required
51588239,src_candidate_required
51588799,control_puzzle
51596201,control_puzzle
51596928,src_growth200|src_week100
51598258,src_growth200
51598880,control_puzzle
51600591,src_candidate_required
51601979,control_puzzle
51603409,src_candidate_required
51605986,src_candidate_required
51606926,control_puzzle
51610911,control_puzzle
51610937,src_growth200|src_today200
51613524,control_other
51614608,src_candidate_required
51615245,src_candidate_required|src_growth200
51615248,src_growth200
51615249,src_candidate_required
51615259,control_other
51615269,src_candidate_required
51617378,src_growth200
51618368,src_growth200
51618682,src_candidate_required
51619559,src_growth200
51621091,src_candidate_required
51624500,src_growth200
51624546,src_candidate_required
51625374,control_puzzle
51625375,src_candidate_required
51625379,src_candidate_required
51626201,src_growth200
51626772,src_candidate_required|src_growth200
51629175,src_candidate_required
51630451,src_candidate_required
51633404,src_today200
51638851,src_candidate_required
51640371,control_other
51643303,control_other
51643318,src_candidate_required
51650000,control_other
51650749,src_candidate_required
51651415,src_candidate_required
51651635,src_candidate_required
51658458,control_puzzle
51662604,src_candidate_required
51668794,src_candidate_required
51676057,src_candidate_required|src_today200|src_week100
51676385,src_candidate_required|src_today200
51678453,src_candidate_required
51686180,control_other
51687147,src_candidate_required
51691850,src_candidate_required|src_today200
51694442,src_candidate_required
51695242,src_candidate_required
51698519,control_other
51699240,src_candidate_required
51699611,src_growth200
51701753,src_candidate_required
51701763,src_candidate_required
51701765,control_puzzle
51702757,src_candidate_required
51703502,src_candidate_required
51706814,src_growth200
51710197,src_growth200|src_today200|src_week100
51718605,src_candidate_required
51719736,src_candidate_required
51719976,control_other
51723734,src_candidate_required|src_growth200|src_today200
51727306,src_candidate_required
51728449,src_candidate_required
51729254,src_candidate_required
51729436,src_growth200
51729437,src_candidate_required
51729440,src_candidate_required
51729446,src_candidate_required
51729449,src_candidate_required
51729469,control_other
51729475,src_candidate_required
51730789,src_candidate_required
51730791,src_candidate_required
51731262,src_candidate_required
51731336,src_candidate_required
51733110,src_candidate_required
51734887,src_candidate_required
51737370,control_puzzle
51739885,src_candidate_required
51740272,src_candidate_required
51747522,src_candidate_required
51749516,src_candidate_required
51749949,src_candidate_required
51750686,control_other
51750688,src_candidate_required
51750697,src_candidate_required
51750865,src_today200
51751688,src_candidate_required|src_today200
51756273,src_candidate_required
51756941,control_puzzle
51758194,src_today200
51758929,src_candidate_required|src_growth200
51759258,src_growth200
51762489,control_puzzle
51762647,control_puzzle
51769348,src_candidate_required
51770359,src_growth200|src_today200
51772653,src_candidate_required
51772904,src_today200
51772983,src_candidate_required
51773566,src_candidate_required|src_today200
51776364,src_candidate_required
51777594,src_candidate_required
51778117,src_growth200|src_today200
51778258,src_candidate_required
51782729,src_today200
51792248,src_candidate_required
51795788,src_candidate_required
51797829,control_puzzle
51798384,src_candidate_required
51800243,src_candidate_required
51803632,src_candidate_required
51803831,src_candidate_required
51804572,src_candidate_required
51806512,control_other
51807037,src_candidate_required
51807678,src_candidate_required
51807679,src_candidate_required
51807883,src_candidate_required
51811752,control_other
51811760,src_candidate_required
51811762,src_candidate_required
51812942,src_candidate_required
51813860,src_candidate_required
51814444,src_candidate_required
51815168,src_candidate_required
51815327,src_candidate_required
51816680,src_growth200|src_week100
51816696,src_candidate_required
51817989,src_candidate_required
51819872,src_candidate_required|src_fresh_puzzle100|src_today200
51826702,src_growth200
51827396,control_other
51827412,src_candidate_required
51827891,src_candidate_required
51828189,src_candidate_required
51832085,src_candidate_required
51835525,src_candidate_required
51836847,src_candidate_required
51836857,src_candidate_required
51836858,src_candidate_required
51838091,src_candidate_required
51838833,src_candidate_required
51840164,src_candidate_required
51842056,src_candidate_required
51842114,src_candidate_required
51843834,src_candidate_required
51843951,control_other
51845941,src_candidate_required
51847375,control_puzzle
51847988,src_candidate_required
51855087,src_candidate_required
51858139,src_candidate_required
51859611,src_candidate_required
51859640,src_candidate_required
51859868,src_growth200
51860258,src_candidate_required
51860678,src_candidate_required
51863322,src_candidate_required
51863326,src_candidate_required
51863420,src_candidate_required
51866121,src_growth200
51866793,src_growth200
51868080,src_growth200
51869653,src_candidate_required
51871349,src_candidate_required
51871400,src_candidate_required
51871737,control_puzzle
51874967,src_candidate_required
51875817,src_candidate_required
51876511,src_candidate_required
51876744,src_candidate_required
51878676,src_candidate_required
51880018,src_candidate_required
51882580,src_candidate_required
51887530,src_candidate_required
51889455,src_candidate_required
51889943,src_candidate_required
51890747,src_candidate_required
51891603,src_candidate_required
51891725,control_other
51891841,src_candidate_required
51894780,src_candidate_required
51894859,control_puzzle
51895548,src_candidate_required
51895922,src_candidate_required
51896562,src_candidate_required
51900383,src_candidate_required
51900534,src_candidate_required
51901586,src_candidate_required
51903616,src_candidate_required
51906347,src_candidate_required
51911415,src_candidate_required
51912693,src_candidate_required
51913388,src_candidate_required
51913596,src_candidate_required
51914517,src_candidate_required
51915543,control_other
51915770,src_candidate_required
51916382,src_candidate_required
51916837,src_candidate_required
51918002,src_growth200
51918009,src_candidate_required
51918010,control_puzzle
51918012,src_growth200
51918262,control_puzzle
51918751,src_candidate_required|src_growth200
51919401,src_candidate_required
51919800,src_candidate_required
51921437,src_candidate_required
51922174,src_candidate_required
51924007,control_puzzle
51925376,control_other
51926565,src_candidate_required
51926818,src_candidate_required
51926885,src_candidate_required
51928211,src_candidate_required
51929452,control_puzzle
51932869,control_puzzle
51934921,src_candidate_required
51934996,src_candidate_required
51935006,src_candidate_required
51935806,src_candidate_required
51937195,src_candidate_required
51937967,src_candidate_required
51938833,src_candidate_required
51965979,src_candidate_required|src_today200
51976171,src_candidate_required
51977223,control_puzzle
51982548,src_candidate_required
51983611,src_candidate_required
51987640,src_growth200|src_today200
51988321,src_growth200
51988963,src_candidate_required
51991025,src_candidate_required
51991602,src_candidate_required|src_growth200|src_week100
51995177,src_candidate_required
52002291,src_candidate_required
52010899,src_candidate_required
52012414,src_candidate_required
52016391,src_candidate_required|src_growth200|src_today200|src_week100
52017181,src_candidate_required
52025299,src_candidate_required
52046491,control_other
52050213,src_candidate_required
52052723,src_candidate_required
52068361,src_candidate_required
52069052,src_candidate_required
52073543,src_candidate_required
52074986,control_other
52094212,control_puzzle
52094454,src_candidate_required
52102698,src_candidate_required
52108563,control_other
52109677,src_candidate_required
52117775,src_candidate_required
52118525,control_other
52128492,src_candidate_required
52135775,src_candidate_required
52139382,src_candidate_required
52164184,control_other
52172230,src_growth200
52187684,src_candidate_required
52187807,src_candidate_required
52187897,src_growth200
52188174,src_candidate_required
52201870,src_candidate_required
52203018,src_candidate_required
52203029,src_candidate_required
52203281,control_puzzle
52204125,src_candidate_required
52207855,src_candidate_required
52207878,src_candidate_required
52207936,src_candidate_required
52210775,src_candidate_required
52224498,control_puzzle
52232837,src_candidate_required
52232890,src_candidate_required
52238050,src_growth200
52238387,src_candidate_required
52256259,src_growth200
52268687,control_puzzle
52291860,src_candidate_required|src_growth200|src_today200|src_week100
52296751,src_growth200
52302174,src_growth200
52302181,src_candidate_required
52302182,src_candidate_required
52302183,src_candidate_required
52308664,src_candidate_required
52326680,src_candidate_required
52328332,src_candidate_required
52336124,src_candidate_required
52337069,src_candidate_required
52346709,src_candidate_required
52348480,src_candidate_required|src_today200|src_week100
52354294,src_growth200|src_today200
52368582,src_candidate_required|src_growth200|src_today200
52378718,src_candidate_required
52382922,src_candidate_required
52401778,src_candidate_required
52402295,src_candidate_required
52405430,src_candidate_required
52424638,src_candidate_required
52433917,src_candidate_required
52435171,src_candidate_required
52438621,src_candidate_required|src_growth200|src_today200|src_week100
52440823,src_candidate_required
52444576,src_candidate_required
52444661,src_candidate_required
52445291,src_candidate_required
52446922,src_candidate_required
52457961,src_candidate_required
52462690,src_candidate_required
52466775,src_candidate_required
52472375,src_candidate_required
52479294,src_candidate_required|src_week100
52479425,src_candidate_required
52480645,src_candidate_required
52484786,src_candidate_required
52486612,src_candidate_required
52502367,src_candidate_required|src_growth200|src_today200|src_week100
52513041,src_candidate_required
52521607,control_puzzle
52526972,src_candidate_required
52539014,src_candidate_required
52548584,src_growth200
52551065,src_candidate_required
52599192,control_other
52615273,src_candidate_required
52633090,src_candidate_required
52639869,src_candidate_required
52651460,src_candidate_required
52668054,src_candidate_required
52675454,src_candidate_required
52690399,src_growth200|src_today200
52693009,src_candidate_required
52696993,src_candidate_required
52697346,src_candidate_required
52701377,src_candidate_required
52702073,src_candidate_required
52703091,src_candidate_required
52703374,src_candidate_required
52703392,src_candidate_required|src_growth200
52705366,src_candidate_required
52707765,src_candidate_required
52714374,src_candidate_required
52720236,control_other
52733866,src_candidate_required
52739935,src_candidate_required
52740328,src_candidate_required
52740872,src_growth200|src_today200|src_week100
52753042,src_candidate_required
52755162,src_candidate_required
52757813,src_candidate_required
52763208,src_candidate_required
52764694,src_candidate_required|src_today200
52782793,src_candidate_required
52784173,src_candidate_required
52794981,src_today200
52796216,control_puzzle
52796427,src_candidate_required
52796479,src_candidate_required
52796578,src_candidate_required
52799091,src_candidate_required
52803377,src_candidate_required
52803406,src_fresh_puzzle100
52807246,src_growth200
52807612,src_candidate_required
52813474,src_candidate_required
52817449,src_growth200|src_today200
52817450,src_candidate_required
52817454,src_fresh_puzzle100
52817459,control_other
52817619,control_puzzle
52818841,src_candidate_required
52820689,src_candidate_required
52825865,src_candidate_required
52829469,control_puzzle
52846615,src_candidate_required
52846943,src_candidate_required
52846965,control_puzzle
52847586,src_growth200
52847608,src_candidate_required
52847869,control_other
52849144,src_candidate_required
52850855,src_candidate_required
52851197,src_candidate_required
52851428,src_candidate_required
52851783,src_candidate_required
52851920,src_candidate_required
52866541,src_candidate_required
52867171,src_candidate_required
52876409,src_candidate_required|src_fresh_puzzle100
52876412,src_fresh_puzzle100
52876413,src_fresh_puzzle100
52876417,src_candidate_required
52876418,src_candidate_required
52876419,src_candidate_required
52878417,src_candidate_required
52886943,src_candidate_required
52888788,control_puzzle
52893941,src_growth200
52894088,src_candidate_required
52894105,src_candidate_required|src_fresh_puzzle100
52894107,src_candidate_required
52895482,src_candidate_required
52896396,src_candidate_required
52896454,src_candidate_required
52897974,src_candidate_required
52898214,src_candidate_required
52898503,src_candidate_required
52898722,control_puzzle
52899915,src_candidate_required
52900504,src_today200
52901003,src_candidate_required
52901297,src_candidate_required
52904486,src_candidate_required
52912955,src_candidate_required
52913915,src_candidate_required|src_today200
52916427,src_candidate_required
52917333,src_candidate_required
52918288,src_candidate_required
52918306,src_candidate_required
52923170,src_candidate_required
52924131,src_candidate_required
52925299,src_candidate_required
52930493,src_candidate_required
52932142,src_growth200
52936577,src_candidate_required
52937212,src_fresh_puzzle100
52937214,src_candidate_required
52937215,src_candidate_required
52937582,control_other
52941296,src_candidate_required|src_today200
52948317,src_candidate_required
52955347,src_candidate_required
52968883,src_candidate_required
52977265,src_candidate_required|src_fresh_puzzle100
52979805,src_candidate_required
52985007,src_candidate_required
53001208,src_candidate_required
53004664,src_candidate_required
53004800,src_candidate_required
53009998,control_puzzle
53012445,src_candidate_required
53013570,src_candidate_required
53014450,src_growth200
53016679,src_candidate_required
53021580,src_candidate_required
53021720,src_candidate_required
53021757,control_puzzle
53021781,src_growth200
53021792,src_candidate_required
53026505,src_candidate_required
53032843,src_candidate_required
53038500,src_candidate_required
53042807,src_candidate_required
53043180,src_candidate_required
53043222,src_candidate_required
53053956,src_candidate_required
53056123,src_candidate_required
53056922,src_candidate_required
53065901,src_candidate_required
53071590,src_candidate_required
53082679,src_candidate_required
53084307,src_candidate_required
53092945,src_candidate_required
53094709,src_candidate_required
53105070,src_candidate_required
53107756,src_candidate_required
53110303,src_candidate_required
53111918,src_candidate_required
53114451,src_candidate_required
53128417,src_candidate_required
53131314,src_candidate_required
53138411,src_candidate_required
53148435,src_candidate_required
53151763,src_candidate_required
53173186,src_candidate_required
53178685,src_candidate_required
53182009,src_candidate_required
53184846,src_candidate_required
53188277,src_candidate_required
53198099,src_candidate_required
53215173,src_growth200
53217960,control_other
53221653,src_candidate_required
53241718,src_candidate_required
53258749,src_candidate_required
53261501,src_candidate_required
53263334,src_candidate_required
53267140,src_candidate_required
53270258,src_growth200
53293475,src_candidate_required
53298824,src_candidate_required
53300154,src_candidate_required
53307659,src_candidate_required
53308488,src_candidate_required
53308516,src_candidate_required
53321885,src_growth200|src_today200
53329443,src_today200
53334526,src_candidate_required
53339067,src_candidate_required
53343087,control_puzzle
53344562,src_candidate_required
53345921,src_today200
53350179,src_candidate_required
53350181,control_puzzle
53350185,src_candidate_required
53359352,src_candidate_required
53359621,src_candidate_required
53359895,src_candidate_required
53360165,src_candidate_required
53369519,src_candidate_required
53371457,src_candidate_required
53371848,src_candidate_required
53373450,src_today200
53376995,src_candidate_required
53384440,src_growth200|src_week100
53391764,src_candidate_required
53393011,src_candidate_required
53402966,src_candidate_required
53404405,src_candidate_required
53404473,src_candidate_required
53404495,src_candidate_required
53416198,src_candidate_required
53416790,src_candidate_required
53416819,src_candidate_required
53416853,src_candidate_required
53421234,src_candidate_required
53421811,src_candidate_required
53422851,src_candidate_required
53428274,src_fresh_puzzle100
53429374,src_candidate_required
53429574,src_candidate_required
53433009,src_candidate_required
53433964,src_candidate_required
53440351,control_puzzle
53444760,src_candidate_required|src_today200
53444829,src_today200
53447018,src_candidate_required
53448227,src_candidate_required|src_fresh_puzzle100|src_growth200|src_today200
53466657,src_growth200
53473067,src_candidate_required
53475510,src_candidate_required
53477758,src_candidate_required
53478957,src_growth200
53480720,src_candidate_required
53495696,src_candidate_required
53495848,src_candidate_required
53496602,src_candidate_required
53500261,src_candidate_required
53507392,control_other
53512514,src_candidate_required
53514799,control_other
53515711,src_candidate_required
53519106,src_candidate_required
53524315,src_candidate_required
53524888,src_candidate_required
53526998,src_candidate_required
53539879,control_puzzle
53542343,control_puzzle
53542905,src_growth200
53542940,src_growth200
53543089,src_candidate_required|src_today200
53543534,src_candidate_required
53544548,src_candidate_required
53546633,src_candidate_required
53556708,control_puzzle
53557986,src_candidate_required
53565472,src_growth200
53566082,src_candidate_required
53567406,src_candidate_required
53570081,src_candidate_required
53572033,src_today200
53572069,src_candidate_required
53574414,src_candidate_required
53580294,src_candidate_required
53581245,src_candidate_required
53582095,src_candidate_required
53582279,src_candidate_required
53584246,src_candidate_required|src_growth200|src_today200|src_week100
53585935,src_candidate_required
53589973,src_candidate_required
53603592,src_candidate_required
53606447,src_candidate_required
53606774,src_growth200|src_week100
53612890,src_candidate_required
53614048,src_candidate_required
53621326,src_candidate_required
53624698,src_candidate_required
53629016,src_today200
53646156,src_candidate_required
53663472,control_other
53665330,control_other
53666491,src_candidate_required
53666703,src_candidate_required
53681722,src_candidate_required
53682511,src_candidate_required
53685412,src_candidate_required
53695641,src_candidate_required
53699075,src_candidate_required
53713131,src_candidate_required
53715292,control_puzzle
53729818,src_candidate_required
53729819,src_candidate_required
53729822,src_growth200
53742893,src_candidate_required
53750332,src_growth200
53755070,control_other
53759483,src_candidate_required
53761900,control_puzzle
53774010,src_candidate_required
53787314,src_candidate_required
53787377,src_growth200
53788339,src_fresh_puzzle100|src_today200
53791644,src_candidate_required
53801016,control_puzzle
53803962,src_candidate_required
53813365,src_candidate_required
53820780,src_candidate_required
53820806,src_candidate_required
53820888,src_candidate_required
53821626,src_candidate_required
53825510,control_puzzle
53825760,control_other
53825925,src_candidate_required
53834944,src_candidate_required
53835983,src_candidate_required
53843698,src_candidate_required
53863334,src_candidate_required
53867861,src_candidate_required
53870404,src_candidate_required
53872649,src_candidate_required
53881173,src_growth200|src_today200|src_week100
53881849,src_candidate_required
53883886,src_candidate_required
53892645,src_candidate_required
53893216,src_candidate_required
53894290,src_candidate_required
53896033,src_candidate_required
53902490,src_today200
53905078,src_candidate_required
53909060,src_candidate_required
53917906,src_candidate_required
53928815,src_candidate_required
53935012,src_candidate_required
53936294,control_puzzle
53938184,src_candidate_required
53938398,src_candidate_required
53944599,src_candidate_required
53952770,src_candidate_required
53954891,src_candidate_required
53960445,src_growth200|src_today200
53965248,control_other
53965278,control_other
53965380,src_candidate_required
53966904,src_candidate_required
53970162,src_candidate_required
53977441,control_puzzle
53977781,src_candidate_required
53977827,control_puzzle
53981531,src_candidate_required
53981913,src_candidate_required
53981961,src_candidate_required
53983344,src_candidate_required
53983543,src_candidate_required
53987709,src_candidate_required
53992911,src_candidate_required
53994810,src_candidate_required
53994811,src_candidate_required
53996376,src_candidate_required
53999614,src_candidate_required
54004906,control_puzzle
54007326,src_candidate_required
54011111,src_candidate_required
54013309,src_candidate_required
54027484,src_candidate_required|src_fresh_puzzle100
54032709,src_candidate_required|src_fresh_puzzle100
54032780,src_candidate_required
54045061,src_candidate_required
54046127,src_candidate_required
54051411,src_candidate_required
54051629,src_candidate_required
54051647,src_candidate_required
54051783,src_candidate_required
54052573,src_today200
54053097,src_candidate_required
54056747,src_candidate_required
54062983,src_candidate_required
54063535,src_candidate_required
54065515,src_candidate_required
54065951,src_candidate_required
54066583,src_candidate_required
54072229,src_candidate_required
54072338,src_today200
54077634,src_candidate_required
54086750,src_candidate_required
54091173,src_candidate_required
54097758,src_candidate_required
54099954,src_candidate_required|src_fresh_puzzle100
54101040,src_candidate_required
54101041,src_candidate_required
54102266,src_candidate_required
54102802,src_candidate_required|src_fresh_puzzle100|src_growth200|src_today200|src_week100
54105321,src_candidate_required
54107973,src_candidate_required
54110622,src_candidate_required
54111128,src_candidate_required
54111604,src_candidate_required
54112561,src_today200
54117490,src_today200
54121045,src_candidate_required
54128728,src_candidate_required
54131311,control_puzzle
54134135,src_candidate_required
54139670,src_candidate_required
54143992,src_candidate_required
54145457,src_candidate_required
54154005,src_candidate_required
54155240,src_candidate_required|src_fresh_puzzle100
54160342,src_candidate_required
54163194,src_candidate_required|src_fresh_puzzle100
54163370,src_candidate_required
54164742,src_candidate_required|src_fresh_puzzle100|src_today200|src_week100
54165946,control_other
54173700,src_candidate_required|src_fresh_puzzle100
54174190,src_candidate_required|src_fresh_puzzle100
54174583,control_other
54175144,src_candidate_required
54176454,src_candidate_required
54184191,src_candidate_required|src_fresh_puzzle100|src_growth200|src_today200
54184207,src_candidate_required|src_fresh_puzzle100|src_growth200|src_today200|src_week100
54184211,src_candidate_required|src_fresh_puzzle100
54185688,src_today200
54188508,src_candidate_required
54189738,src_candidate_required
54194975,src_today200
54195270,src_candidate_required
54195526,src_candidate_required
54198173,src_candidate_required
54204755,src_candidate_required
54208303,src_candidate_required|src_fresh_puzzle100
54208351,src_candidate_required
54208550,src_candidate_required
54208557,src_candidate_required
54208568,src_candidate_required
54209536,src_candidate_required
54211630,src_today200
54212896,src_candidate_required|src_fresh_puzzle100
54213455,control_puzzle
54213723,src_fresh_puzzle100
54213743,src_candidate_required
54214533,src_candidate_required
54214882,src_today200
54222402,src_candidate_required|src_today200
54228452,src_candidate_required
54231094,src_candidate_required
54231100,src_candidate_required
54234885,src_today200
54240170,src_candidate_required
54241455,src_candidate_required
54250604,src_candidate_required
54252648,control_other
54254065,src_candidate_required|src_fresh_puzzle100
54255702,src_candidate_required|src_fresh_puzzle100|src_growth200
54258496,src_candidate_required
54258500,src_candidate_required
54259960,src_candidate_required
54263990,src_candidate_required|src_fresh_puzzle100
54266190,src_candidate_required
54267218,src_fresh_puzzle100
54268101,src_candidate_required
54269036,src_candidate_required
54273130,src_fresh_puzzle100
54277449,src_candidate_required|src_fresh_puzzle100
54289236,src_candidate_required
54290482,src_candidate_required
54290693,src_candidate_required
54292875,src_today200
54293966,src_candidate_required
54297945,src_candidate_required|src_fresh_puzzle100
54298965,src_candidate_required
54303118,src_candidate_required
54305838,src_candidate_required
54306936,control_other
54308038,src_candidate_required
54310379,src_candidate_required
54315727,src_candidate_required
54315949,src_candidate_required
54317158,src_growth200
54325610,src_candidate_required
54330401,src_candidate_required
54335179,control_other
54335383,src_fresh_puzzle100
54335423,src_candidate_required
54341878,src_candidate_required
54343105,src_candidate_required
54344811,src_candidate_required
54346382,src_candidate_required
54346417,src_candidate_required
54348027,src_fresh_puzzle100
54350770,src_candidate_required
54352869,src_candidate_required|src_fresh_puzzle100
54358773,src_fresh_puzzle100
54362561,src_candidate_required
54367473,src_fresh_puzzle100
54367793,src_candidate_required
54379839,src_candidate_required
54380425,src_candidate_required|src_fresh_puzzle100|src_growth200|src_today200|src_week100
54381470,src_candidate_required|src_fresh_puzzle100
54381494,src_candidate_required
54382392,src_today200
54390045,src_candidate_required
54390349,src_candidate_required|src_fresh_puzzle100
54392435,src_today200
54401028,src_candidate_required|src_fresh_puzzle100
54401577,src_candidate_required
54402909,src_candidate_required
54405875,src_candidate_required
54407288,src_candidate_required
54407509,src_candidate_required
54410638,src_candidate_required
54410808,src_candidate_required|src_fresh_puzzle100
54411310,src_candidate_required|src_fresh_puzzle100
54412594,src_candidate_required
54412730,src_candidate_required
54416559,src_candidate_required
54417237,src_candidate_required
54417459,src_candidate_required
54417523,src_candidate_required
54417596,src_candidate_required
54419995,src_candidate_required|src_fresh_puzzle100|src_growth200|src_today200
54421760,src_growth200|src_today200
54422232,src_candidate_required
54422234,src_candidate_required
54422674,src_candidate_required
54425355,control_puzzle
54426780,src_candidate_required
54427569,src_candidate_required
54428194,src_fresh_puzzle100
54428199,src_fresh_puzzle100
54428273,control_puzzle
54432978,src_candidate_required|src_fresh_puzzle100
54433201,src_candidate_required
54433517,control_other
54434392,src_candidate_required
54434678,src_candidate_required
54435107,src_candidate_required|src_fresh_puzzle100|src_growth200|src_today200
54436978,src_fresh_puzzle100
54438665,src_candidate_required
54439262,src_candidate_required
54441642,src_growth200|src_today200|src_week100
54441697,src_candidate_required|src_fresh_puzzle100
54443024,control_other
54443714,src_candidate_required|src_fresh_puzzle100
54447687,src_fresh_puzzle100
54448969,src_fresh_puzzle100
54449328,src_candidate_required
54449993,src_today200
54450316,src_candidate_required
54450348,src_candidate_required
54451942,src_fresh_puzzle100
54454139,src_candidate_required|src_fresh_puzzle100
54456338,src_candidate_required|src_growth200
54457124,src_candidate_required
54458245,src_fresh_puzzle100|src_growth200
54459865,src_candidate_required
54463056,src_candidate_required|src_fresh_puzzle100|src_growth200|src_today200
54463777,src_candidate_required|src_fresh_puzzle100
54463871,src_candidate_required
54464162,src_candidate_required
54466061,src_growth200|src_today200
54467048,src_candidate_required
54468287,src_candidate_required|src_fresh_puzzle100
54468554,control_other
54468944,src_candidate_required|src_fresh_puzzle100|src_today200
54469522,src_fresh_puzzle100
54476896,src_growth200
54478968,src_candidate_required
54479560,src_candidate_required
54481329,src_candidate_required|src_fresh_puzzle100
54481481,src_candidate_required|src_fresh_puzzle100
54483973,src_candidate_required
54484029,src_candidate_required
54489190,src_candidate_required|src_fresh_puzzle100
54489790,src_candidate_required|src_fresh_puzzle100|src_growth200|src_today200|src_week100
54490546,src_growth200|src_today200
54491598,src_today200
54492019,src_candidate_required
54496145,src_candidate_required|src_today200
54496464,src_candidate_required
54496813,control_other
54500920,src_candidate_required|src_fresh_puzzle100
54504368,src_growth200|src_today200
54504594,src_candidate_required
54509847,src_candidate_required
54518606,src_today200
54519087,src_candidate_required
54519094,src_candidate_required
54528991,src_candidate_required
54531151,src_candidate_required|src_fresh_puzzle100
54533769,src_candidate_required|src_fresh_puzzle100
54539273,src_candidate_required|src_fresh_puzzle100|src_growth200|src_today200|src_week100
54539824,src_candidate_required
54543545,src_candidate_required
54547320,src_candidate_required|src_fresh_puzzle100
54549092,src_fresh_puzzle100
54549357,src_fresh_puzzle100
54549654,control_other
54552194,src_candidate_required
54553732,src_candidate_required
54554576,control_puzzle
54554906,src_candidate_required
54555066,src_candidate_required
54556370,src_candidate_required
54556504,src_candidate_required
54556519,src_candidate_required
54556697,control_other
54561700,src_candidate_required
54563032,src_candidate_required
54566786,control_puzzle
54567036,src_candidate_required
54567131,src_candidate_required
54567845,src_candidate_required
54568502,src_growth200|src_today200
54568590,src_candidate_required
54569366,src_today200
54571310,src_candidate_required|src_today200
54571681,src_candidate_required|src_fresh_puzzle100
54572646,src_candidate_required|src_fresh_puzzle100
54573508,src_fresh_puzzle100
54573917,src_candidate_required
54574340,src_candidate_required|src_fresh_puzzle100
54575150,src_candidate_required
54576194,control_puzzle
54577006,src_growth200|src_today200
54577018,control_other
54577917,src_candidate_required
54579195,src_candidate_required|src_fresh_puzzle100
54579291,src_candidate_required|src_fresh_puzzle100|src_growth200|src_today200|src_week100
54579601,src_candidate_required|src_fresh_puzzle100
54580672,src_candidate_required
54582396,src_candidate_required
54583313,src_candidate_required|src_fresh_puzzle100|src_growth200
54584298,src_candidate_required|src_fresh_puzzle100
54585243,src_candidate_required
54587791,src_candidate_required
54590436,src_candidate_required
54590940,src_candidate_required
54593380,src_candidate_required
54593977,src_growth200
54594449,src_candidate_required
54596100,src_candidate_required
54597038,src_growth200
54597286,src_candidate_required
54598270,src_candidate_required|src_fresh_puzzle100
54600379,src_growth200
54601773,src_candidate_required|src_today200
54604116,src_candidate_required
54606540,src_candidate_required
54608047,src_candidate_required
54608433,src_today200
54608510,control_other
54608797,src_candidate_required
54609613,src_candidate_required
54611496,src_candidate_required
54612765,src_candidate_required
54612801,src_candidate_required
54612821,src_candidate_required
54612839,src_today200
54613094,src_candidate_required|src_fresh_puzzle100|src_growth200
54613781,src_candidate_required
54614420,src_candidate_required|src_growth200|src_today200|src_week100
54614938,src_today200
54616467,src_candidate_required
54617048,src_candidate_required
54619196,src_candidate_required
54619918,src_candidate_required
54621633,src_candidate_required
54621697,src_candidate_required
54623740,src_candidate_required
54623957,src_candidate_required
54626372,src_candidate_required
54626694,src_candidate_required|src_fresh_puzzle100
54628255,src_candidate_required
54628526,src_today200
54628827,src_candidate_required
54628971,src_candidate_required
54628975,src_candidate_required
54629332,src_candidate_required
54629726,src_candidate_required
54630365,src_fresh_puzzle100|src_growth200
54630379,src_candidate_required
54630757,control_other
54631079,src_candidate_required|src_fresh_puzzle100
54632273,src_candidate_required
54633990,src_candidate_required
54634467,src_growth200|src_today200
54635319,control_other
54636684,src_candidate_required
54637823,src_candidate_required
54637825,src_candidate_required
54637960,src_candidate_required
54639813,src_candidate_required|src_fresh_puzzle100
54641447,src_candidate_required
54642480,src_candidate_required
54642802,src_candidate_required
54643096,src_candidate_required
54643268,src_candidate_required
54643503,src_candidate_required
54643862,src_candidate_required
54643911,src_candidate_required
54644271,src_candidate_required
54645336,src_candidate_required
54646011,src_candidate_required
54647451,src_candidate_required
54649206,src_candidate_required
54649914,src_candidate_required
54650664,src_candidate_required
54650960,src_candidate_required
54651109,src_growth200|src_today200
54651801,src_candidate_required
54651903,src_candidate_required
54652146,src_today200
54653063,src_candidate_required
54653215,src_candidate_required
54653453,src_candidate_required
54653496,src_candidate_required
54653840,src_candidate_required
54655149,src_candidate_required
54655421,src_candidate_required
54655842,src_candidate_required
54657068,control_other
54657624,src_candidate_required
54658484,src_candidate_required|src_fresh_puzzle100|src_today200
54658940,src_candidate_required
54661641,src_candidate_required
54661725,src_candidate_required|src_fresh_puzzle100|src_growth200|src_today200
54662458,src_candidate_required
54665669,src_candidate_required
54666161,src_candidate_required
54666734,src_candidate_required
54667724,src_candidate_required
54668751,src_candidate_required
54669377,src_candidate_required
54669674,src_candidate_required|src_fresh_puzzle100|src_growth200
54670108,src_candidate_required
54670833,src_candidate_required|src_fresh_puzzle100
54673015,src_candidate_required
54673391,src_candidate_required|src_today200
54673712,src_candidate_required|src_today200
54673875,control_other
54674180,src_growth200
54674634,control_puzzle
54675804,src_candidate_required
54677112,src_candidate_required
54677512,src_today200|src_week100
54677666,control_other
54678488,src_candidate_required
54678489,src_candidate_required
54678704,src_candidate_required
54679256,src_candidate_required
54680224,control_puzzle
54680231,src_candidate_required
54681620,src_candidate_required
54682453,src_candidate_required
54683476,control_other
54683518,src_candidate_required
54683949,src_candidate_required
54684402,src_candidate_required
54684518,src_candidate_required|src_fresh_puzzle100
54686037,src_today200
54686517,src_candidate_required|src_growth200
54686636,src_candidate_required
54686777,src_candidate_required
54688135,src_candidate_required
54688278,control_other
54690771,src_candidate_required
54690989,src_candidate_required|src_growth200
54691613,src_candidate_required
54691807,src_candidate_required
54691906,src_candidate_required
54691983,src_candidate_required
54692847,src_candidate_required
54694915,src_candidate_required|src_growth200
54695340,control_other
54695570,src_candidate_required
54696200,src_candidate_required
54696297,src_candidate_required|src_fresh_puzzle100|src_growth200
54696712,src_candidate_required
54696932,control_other
54696962,control_other
54697402,control_other
54697900,src_candidate_required
54698377,src_candidate_required|src_fresh_puzzle100|src_growth200|src_today200
54698383,src_candidate_required|src_fresh_puzzle100|src_growth200|src_today200
54698669,src_fresh_puzzle100
54698740,src_growth200
54698931,src_candidate_required
54699415,src_candidate_required
54700321,src_candidate_required
54701520,src_growth200
54701847,src_candidate_required
54702048,src_candidate_required
54702054,src_candidate_required
54702502,src_candidate_required
54702664,src_today200
54702801,src_candidate_required
54703143,src_candidate_required
54703918,src_candidate_required
54704785,src_candidate_required
54705504,src_today200
54705583,src_growth200
54705924,src_growth200
54705965,src_today200
54706915,src_candidate_required
54706938,src_candidate_required
54707136,src_today200
54707848,src_candidate_required
54707984,src_candidate_required
54708178,src_candidate_required|src_growth200|src_today200
54708575,src_today200
54708779,src_candidate_required
54708984,control_other
54709871,src_candidate_required
54711008,src_candidate_required
54711115,src_candidate_required
54713874,src_candidate_required
54713878,src_candidate_required
54713924,src_candidate_required
54714749,src_candidate_required
54715555,src_candidate_required
54716044,src_growth200
54716330,src_candidate_required
54716700,control_other
54716790,src_candidate_required
54718172,src_growth200
54718363,src_candidate_required
54719347,src_today200
54720714,src_candidate_required
54721224,src_candidate_required
54721308,src_candidate_required
54721740,src_fresh_puzzle100|src_today200
54721933,src_candidate_required
54722196,src_candidate_required
54722223,src_candidate_required
54722886,src_candidate_required
54722946,control_puzzle
54723060,src_candidate_required
54723115,src_candidate_required
54723170,src_candidate_required
54723320,src_growth200
54723945,src_candidate_required
54724792,src_candidate_required
54725284,src_growth200
54725690,src_candidate_required
54726074,control_puzzle
54726404,src_growth200
54726806,control_other
54727742,src_candidate_required
54728035,src_growth200
54728083,src_growth200
54729819,src_candidate_required
54730119,src_candidate_required|src_today200
54730201,src_candidate_required
54730685,src_growth200
54730918,src_candidate_required
54731799,src_candidate_required
54732019,src_candidate_required
54734398,src_candidate_required
54734586,src_candidate_required
54736486,control_other
54737745,src_candidate_required
54737748,src_growth200
54738820,src_growth200
54739790,src_candidate_required
54740346,src_growth200
54740352,src_growth200
54740804,src_growth200
54741214,src_candidate_required
54742639,src_growth200
54742775,src_candidate_required
54743461,control_puzzle
54743661,src_candidate_required
54745184,src_candidate_required
54748520,src_candidate_required
54749981,src_candidate_required
54752934,src_candidate_required|src_growth200
54752943,src_growth200
54754375,src_candidate_required|src_growth200
54754987,src_candidate_required
54756455,src_candidate_required
54757390,src_candidate_required
54758855,control_puzzle
54759951,src_candidate_required
54762397,src_candidate_required
